0.0, 440.0
0.0009992122650146484, 489.9960584272837
0.0009992122650146484, 0
0.04975128173828125, 449.9338452902914
0.04975128173828125, 480.5425077186214
0.0507504940032959, 0
0.09385108947753906, 458.66019283790104
0.09385108947753906, 459.07547470077265
0.09385108947753906, 0
0.13793039321899414, 467.23752788097113
0.13793039321899414, 431.91129778270073
0.13793039321899414, 0
0.18074965476989746, 475.3677035841704
0.18074965476989746, 407.76729139386146
0.18175363540649414, 0
0.22467350959777832, 483.4377466748607
0.22567200660705566, 392.31839374125315
0.22567200660705566, 0
0.269681453704834, 491.3589447503972
0.269681453704834, 391.52145516708794
0.27068066596984863, 0
0.31475400924682617, 498.874715206759
0.31475400924682617, 405.6601386231094
0.31475400924682617, 0
0.35965967178344727, 505.8872797860796
0.35965967178344727, 430.42097366370734
0.35965967178344727, 0
0.40265965461730957, 512.1051923065934
0.40265965461730957, 457.03124533284836
0.40265965461730957, 0
0.44765758514404297, 518.0406187362667
0.44765758514404297, 479.56835928907395
0.44765758514404297, 0
0.49249982833862305, 523.327190061514
0.4940061569213867, 489.85823626613677
0.4940061569213867, 0
0.5428965091705322, 528.4673406674854
0.5428965091705322, 482.90974807826683
0.5428965091705322, 0
0.5898177623748779, 532.4467113327057
0.5898177623748779, 461.3925143262925
0.5898177623748779, 0
0.6361081600189209, 535.5755162520275
0.6361081600189209, 433.0431811374912
0.6361081600189209, 0
0.6824467182159424, 537.8876786646955
0.6824467182159424, 406.95952631132513
0.6839520931243896, 0
0.7308542728424072, 539.4055826225608
0.7308542728424072, 391.44014937682465
0.7308542728424072, 0
0.7804114818572998, 539.9950266426678
0.7804114818572998, 393.6069723168214
0.7804114818572998, 0
0.8299038410186768, 539.6041104222747
0.8299038410186768, 413.15766682191884
0.8299038410186768, 0
0.8776533603668213, 538.302619415256
0.8776533603668213, 441.66684659069597
0.8776533603668213, 0
0.928739070892334, 535.918744086227
0.928739070892334, 471.25677333689845
0.928739070892334, 0
0.9779784679412842, 532.6738102509612
0.9779784679412842, 488.097689054101
0.9789800643920898, 0
1.0300955772399902, 528.2617506781007
1.0300955772399902, 486.4666838029484
1.0300955772399902, 0
1.0801358222961426, 523.1232477438305
1.0801358222961426, 466.71924609765847
1.0811352729797363, 0
1.1338043212890625, 516.6891860456547
1.1338043212890625, 434.4793607729473
1.1338043212890625, 0
1.182363510131836, 510.1047704552206
1.182363510131836, 406.9987841995759
1.182363510131836, 0
1.2352898120880127, 502.17797026666744
1.2352898120880127, 390.8518421784292
1.2352898120880127, 0
1.286667823791504, 493.8163801425949
1.286667823791504, 395.2147352616486
1.286667823791504, 0
1.337482213973999, 484.9877549583982
1.337482213973999, 417.2905183240271
1.337482213973999, 0
1.3889179229736328, 475.5787723417841
1.3889179229736328, 448.7003738116263
1.3889179229736328, 0
1.4403324127197266, 465.79770849336
1.4403324127197266, 476.59108820027296
1.4403324127197266, 0
1.492135763168335, 455.6672981851007
1.492135763168335, 489.75603955376175
1.492135763168335, 0
1.542320966720581, 445.69199396266345
1.542320966720581, 483.0942544155167
1.542320966720581, 0
1.5937821865081787, 435.4044471626645
1.5947914123535156, 458.52802028956484
1.5947914123535156, 0
1.6481122970581055, 424.598355816132
1.6481122970581055, 425.6814193990005
1.6491143703460693, 0
1.7168450355529785, 411.20385678541055
1.7168450355529785, 394.27725791659105
1.7168450355529785, 0
1.7681536674499512, 401.5455175021693
1.7681536674499512, 391.2954010099615
1.7681536674499512, 0
1.8216841220855713, 391.9016990630826
1.8216841220855713, 408.95120694066895
1.8216841220855713, 0
1.8807868957519531, 381.8980191011405
1.8817870616912842, 444.2592684718076
1.8817870616912842, 0
1.9337115287780762, 373.6243229158655
1.9337115287780762, 473.6327432466409
1.9337115287780762, 0
1.985086441040039, 366.3027541687755
1.985086441040039, 489.1245107074616
1.9860875606536865, 0
2.038144111633301, 359.55817355049413
2.0391457080841064, 484.07139393797246
2.0391457080841064, 0
2.0927727222442627, 353.560153247461
2.0927727222442627, 459.7000150597734
2.0927727222442627, 0
2.1461241245269775, 348.6968453400686
2.1461241245269775, 426.8826507180387
2.1461241245269775, 0
2.2077484130859375, 344.3749694776726
2.2077484130859375, 396.8836559908214
2.2087442874908447, 0
2.264084815979004, 341.6920450742505
2.2654426097869873, 390.9385076203428
2.2654426097869873, 0
2.3197274208068848, 340.26585155125315
2.320728063583374, 408.48260528003556
2.320728063583374, 0
2.375020742416382, 340.07087718035325
2.375020742416382, 440.01303284443696
2.375020742416382, 0
2.4282538890838623, 341.0367151278914
2.4292550086975098, 471.509137144531
2.4292550086975098, 0
2.4795172214508057, 343.02631055337963
2.480518102645874, 488.5090879483282
2.480518102645874, 0
2.5314247608184814, 346.0785305352336
2.5314247608184814, 486.1518445344296
2.5314247608184814, 0
2.5834708213806152, 350.15424736768693
2.5834708213806152, 464.9251500044505
2.5834708213806152, 0
2.6399781703948975, 355.6788786916411
2.6399781703948975, 430.64440762136235
2.6399781703948975, 0
2.693727731704712, 361.93345956566463
2.6947288513183594, 401.58315777897127
2.6947288513183594, 0
2.7449002265930176, 368.726838784303
2.7449002265930176, 390.10263910475896
2.7449002265930176, 0
2.798234224319458, 376.5998353616012
2.798234224319458, 398.907031902673
2.798234224319458, 0
2.8490092754364014, 384.7661598599741
2.8500075340270996, 424.5536524321919
2.8500075340270996, 0
2.9013073444366455, 393.7714764124315
2.9013073444366455, 456.2299546986625
2.90230655670166, 0
2.9531338214874268, 403.1943744320536
2.9531338214874268, 481.57655972104374
2.9531338214874268, 0
3.0033884048461914, 412.70977593758295
3.0033884048461914, 489.9546805419649
3.0043864250183105, 0
3.056741952896118, 423.11119527149236
3.056741952896118, 477.8188266145168
3.056741952896118, 0
3.11356782913208, 434.39796937269796
3.114565372467041, 446.5374980438151
3.114565372467041, 0
3.171304941177368, 445.93896072128325
3.171304941177368, 412.52001310688775
3.171304941177368, 0
3.2238316535949707, 456.3737398264524
3.224830389022827, 392.4802140273134
3.224830389022827, 0
3.2769947052001953, 466.75063216553355
3.2769947052001953, 392.8493660787307
3.2769947052001953, 0
3.3288815021514893, 476.58795403918185
3.3288815021514893, 412.617955332723
3.3288815021514893, 0
3.3810455799102783, 486.08083961715
3.3810455799102783, 443.79489699387005
3.3810455799102783, 0
3.431825637817383, 494.8413642491279
3.431825637817383, 472.7465770456602
3.4328227043151855, 0
3.4848005771636963, 503.37688360137116
3.4848005771636963, 489.0907292604928
3.4848005771636963, 0
3.5355186462402344, 510.88397647236
3.5355186462402344, 485.10164188682893
3.5355186462402344, 0
3.585806369781494, 517.6080994127353
3.585806369781494, 463.6424676649007
3.585806369781494, 0
3.6365127563476562, 523.5938290313936
3.6365127563476562, 432.7915294632455
3.6365127563476562, 0
3.6908795833587646, 529.055956219577
3.6908795833587646, 403.175482016109
3.6908795833587646, 0
3.740278482437134, 533.1083467501475
3.7412776947021484, 390.3000457398503
3.7412776947021484, 0
3.7928450107574463, 536.422517038257
3.793846845626831, 397.3998173316762
3.793846845626831, 0
3.853785753250122, 538.9301169398923
3.853785753250122, 426.8280170648469
3.853785753250122, 0
3.9036548137664795, 539.8911059596637
3.9036548137664795, 457.6177832009996
3.9036548137664795, 0
3.956660032272339, 539.8239991842627
3.9576611518859863, 483.0885559113691
3.9576611518859863, 0
4.008211135864258, 538.6835505418529
4.008211135864258, 489.7340617221643
4.008211135864258, 0
4.063148260116577, 536.3150861702179
4.063148260116577, 475.06615474774134
4.063148260116577, 0
4.116897344589233, 532.8733960999948
4.116897344589233, 445.08225618538535
4.116897344589233, 0
4.169987201690674, 528.4211675824231
4.169987201690674, 413.21545018868034
4.169987201690674, 0
4.22211217880249, 523.0805612656806
4.223104238510132, 392.828715650126
4.223104238510132, 0
4.27468204498291, 516.7808726377326
4.27468204498291, 392.3858194267435
4.27468204498291, 0
4.32922101020813, 509.35001040800825
4.32922101020813, 412.7966910488223
4.32922101020813, 0
4.382340431213379, 501.3193556019416
4.382340431213379, 444.6055912049665
4.383342266082764, 0
4.434725284576416, 492.72215222370954
4.435818910598755, 474.6006174824401
4.435818910598755, 0
4.489568710327148, 483.10359502942293
4.489568710327148, 489.57104296938974
4.489568710327148, 0
4.543169021606445, 473.2015911905292
4.543169021606445, 482.8216029626052
4.543169021606445, 0
4.598933219909668, 462.49692927492197
4.598933219909668, 456.08691429237183
4.598933219909668, 0
4.6529319286346436, 451.8634049497456
4.6529319286346436, 422.80801025769165
4.6529319286346436, 0
4.704015731811523, 441.67457144116116
4.704015731811523, 398.1181979328492
4.704015731811523, 0
4.759995698928833, 430.49303588501186
4.759995698928833, 390.3939263008482
4.759995698928833, 0
4.8120200634002686, 420.20538496298724
4.8120200634002686, 404.4320750205792
4.8120200634002686, 0
4.863807439804077, 410.1770774079182
4.863807439804077, 432.990670677478
4.864987850189209, 0
4.914631366729736, 400.64548385618366
4.914631366729736, 463.8844566055986
4.915637969970703, 0
4.965791463851929, 391.46136876448116
4.965791463851929, 485.4508479069798
4.965791463851929, 0
5.016815423965454, 382.80731453665135
5.016815423965454, 488.8878617211054
5.016815423965454, 490.16815423965454
5.017815589904785, 0
5.071873903274536, 374.13901536115884
5.071873903274536, 470.95523861889853
5.071873903274536, 490.71873903274536
5.072873830795288, 0
5.128071546554565, 366.11480220500937
5.128071546554565, 438.07056954924576
5.128071546554565, 491.28071546554565
5.128071546554565, 0
5.186205863952637, 358.79631687482083
5.187206745147705, 404.7751904119698
5.187206745147705, 491.87206745147705
5.187206745147705, 0
5.2405500411987305, 352.94484257357306
5.2405500411987305, 390.3521349566974
5.2405500411987305, 492.4055004119873
5.2405500411987305, 0
5.297945976257324, 347.88153479134144
5.297945976257324, 398.8041241643266
5.297945976257324, 492.97945976257324
5.297945976257324, 0
5.35221529006958, 344.20837968224555
5.353218078613281, 426.48427406436207
5.353218078613281, 493.5321807861328
5.353218078613281, 0
5.411211967468262, 341.4953107089979
5.411211967468262, 461.9754962254708
5.411211967468262, 494.1121196746826
5.411211967468262, 0
5.4760518074035645, 340.09447009141934
5.4760518074035645, 487.75288628326723
5.4760518074035645, 494.76051807403564
5.4760518074035645, 0
5.529839277267456, 340.205397500099
5.529839277267456, 486.52590453485834
5.529839277267456, 495.29839277267456
5.529839277267456, 0
5.583874702453613, 341.47855557284447
5.583874702453613, 464.704843266873
5.583874702453613, 495.83874702453613
5.583874702453613, 0
5.638711929321289, 343.94573446558474
5.638711929321289, 431.4271102892486
5.638711929321289, 496.3871192932129
5.638711929321289, 0
5.692655086517334, 347.49905591186337
5.692655086517334, 402.43007708776145
5.692655086517334, 496.92655086517334
5.692655086517334, 0
5.746808052062988, 352.1480318096902
5.746808052062988, 390.0402173180577
5.746808052062988, 497.4680805206299
5.747809886932373, 0
5.800811290740967, 357.80945840155727
5.800811290740967, 399.8508702035441
5.800811290740967, 498.00811290740967
5.800811290740967, 0
5.857468843460083, 364.77746585190965
5.857468843460083, 429.0737339943061
5.857468843460083, 498.57468843460083
5.857468843460083, 0
5.911084890365601, 372.26158635128843
5.911084890365601, 461.9037485356722
5.911084890365601, 499.110848903656
5.912088394165039, 0
5.976321458816528, 382.4081127942115
5.977322578430176, 487.98346380815804
5.977322578430176, 499.77322578430176
5.977322578430176, 0
6.03349757194519, 392.1122631083021
6.03349757194519, 485.6352027806229
6.03349757194519, 500.3349757194519
6.034497261047363, 0
6.088011264801025, 401.9489661170263
6.088011264801025, 462.4128340746735
6.088011264801025, 500.88011264801025
6.088011264801025, 0
6.143751859664917, 412.47335053072925
6.143751859664917, 428.3265956331602
6.143751859664917, 501.43751859664917
6.143751859664917, 0
6.202167272567749, 423.8672061919016
6.202167272567749, 398.76384090663714
6.202167272567749, 502.0216727256775
6.202167272567749, 0
6.2568535804748535, 434.7360886363824
6.2568535804748535, 390.1853217134005
6.2568535804748535, 502.56853580474854
6.2568535804748535, 0
6.3097984790802, 445.3201215268233
6.3097984790802, 566.7282330196163
6.3108062744140625, 403.9002231260893
6.3108062744140625, 503.1080627441406
6.3108062744140625, 0
6.367645978927612, 456.8119143432321
6.367645978927612, 569.0421330135127
6.367645978927612, 435.38590640308445
6.367645978927612, 503.6764597892761
6.367645978927612, 0
6.425161600112915, 468.015213407528
6.425161600112915, 571.3427578609248
6.425161600112915, 469.47134658876877
6.425161600112915, 504.25161600112915
6.425161600112915, 0
6.483888864517212, 479.071399480384
6.483888864517212, 573.6918484370967
6.483888864517212, 488.97875940082315
6.483888864517212, 504.8388886451721
6.483888864517212, 0
6.540952444076538, 489.2999753311874
6.540952444076538, 575.9743916194698
6.5419511795043945, 483.21161128173077
6.5419511795043945, 505.41951179504395
6.5419511795043945, 0
6.597949266433716, 498.87632374762717
6.597949266433716, 578.2542645137569
6.597949266433716, 456.67103340049425
6.597949266433716, 505.97949266433716
6.597949266433716, 0
6.655925989151001, 507.8325576706221
6.655925989151001, 580.5733334224483
6.655925989151001, 421.0540717294346
6.655925989151001, 506.55925989151
6.655925989151001, 0
6.7234203815460205, 517.103834950903
6.7234203815460205, 583.2731091182491
6.7234203815460205, 392.76322270805485
6.7234203815460205, 507.2342038154602
6.7234203815460205, 0
6.77941370010376, 523.7371467688919
6.77941370010376, 585.5128418605586
6.77941370010376, 393.3768278301811
6.77941370010376, 507.7941370010376
6.780414581298828, 0
6.838435173034668, 529.5920785288791
6.838435173034668, 587.873700777795
6.838435173034668, 417.82557382985834
6.838435173034668, 508.3843517303467
6.838435173034668, 0
6.89572811126709, 534.0834852272587
6.89572811126709, 590.1654183070918
6.896727085113525, 453.48255075782765
6.896727085113525, 508.96727085113525
6.896727085113525, 0
6.955063581466675, 537.433699197627
6.955063581466675, 592.5388371150752
6.955063581466675, 482.2377887640405
6.955063581466675, 509.55063581466675
6.955063581466675, 0
7.01593542098999, 539.4461485836894
7.01593542098999, 594.9737106960079
7.01593542098999, 489.00083995557634
7.01593542098999, 510.1593542098999
7.016935110092163, 0
7.072837591171265, 539.9963805134287
7.072837591171265, 597.2497975032588
7.072837591171265, 470.47747385895946
7.072837591171265, 510.72837591171265
7.073838233947754, 0
7.130808115005493, 539.2266176532573
7.130808115005493, 599.568618456628
7.131810665130615, 435.7259551444537
7.131810665130615, 511.31810665130615
7.131810665130615, 0
7.1880762577056885, 537.1578606691742
7.1880762577056885, 601.8593441646358
7.189074277877808, 403.9521915337312
7.189074277877808, 511.8907427787781
7.189074277877808, 0
7.249075174331665, 533.5549942059104
7.249075174331665, 604.2993008296748
7.249075174331665, 390.0033765609891
7.249075174331665, 512.4907517433167
7.249075174331665, 0
7.312981128692627, 528.2899173593221
7.312981128692627, 606.8555390041133
7.312981128692627, 404.8590656827875
7.312981128692627, 513.1298112869263
7.312981128692627, 0
7.378972768783569, 521.3425818124797
7.378972768783569, 609.495204607751
7.378972768783569, 442.49512749485353
7.378972768783569, 513.7897276878357
7.378972768783569, 0
7.437188148498535, 514.0347378425946
7.437188148498535, 611.8238197963497
7.437188148498535, 475.21651596118477
7.437188148498535, 514.3718814849854
7.437188148498535, 0
7.506335020065308, 504.0610626708285
7.506335020065308, 614.5896946590206
7.507332801818848, 489.78787477785863
7.507332801818848, 515.0733280181885
7.507332801818848, 0
7.563718557357788, 494.8463968442719
7.563718557357788, 616.8850361507198
7.563718557357788, 474.809824412477
7.563718557357788, 515.6371855735779
7.563718557357788, 0
7.622658967971802, 484.631690722617
7.622658967971802, 619.2426525752803
7.622658967971802, 441.47070165012866
7.622658967971802, 516.226589679718
7.622658967971802, 0
7.677835464477539, 474.5050265336585
7.677835464477539, 621.4497124355098
7.677835464477539, 409.1883723841907
7.677835464477539, 516.7783546447754
7.678833723068237, 0
7.734907388687134, 463.5903778606535
7.734907388687134, 623.7325894038936
7.735908508300781, 390.7818771708703
7.735908508300781, 517.3590850830078
7.735908508300781, 0
7.791701555252075, 452.4238310582219
7.791701555252075, 626.0043560664913
7.792707681655884, 397.0294700717807
7.792707681655884, 517.9270768165588
7.792707681655884, 0
7.850009202957153, 440.7944778453872
7.850009202957153, 628.3366619746944
7.850009202957153, 424.5546497628417
7.850009202957153, 518.5000920295715
7.850009202957153, 0
7.906493186950684, 429.5169852501279
7.906493186950684, 630.5960213344356
7.907493591308594, 459.85369894519295
7.907493591308594, 519.0749359130859
7.907493591308594, 0
7.963739395141602, 418.2243203030187
7.963739395141602, 632.8858696620723
7.963739395141602, 484.89844697387167
7.963739395141602, 519.637393951416
7.963739395141602, 0
8.027098655700684, 406.0642252560073
8.027098655700684, 635.4202400844356
8.027098655700684, 487.128860013035
8.027098655700684, 520.2709865570068
8.027098655700684, 0
8.08617615699768, 395.2123366029924
8.08617615699768, 637.7833401363155
8.087175846099854, 462.88080915364515
8.087175846099854, 520.8717584609985
8.087175846099854, 0
8.145110368728638, 385.0089172295534
8.145110368728638, 640.1407086055538
8.145110368728638, 427.498349559937
8.145110368728638, 521.4511036872864
8.145110368728638, 0
8.20276427268982, 375.7646398877564
8.20276427268982, 642.446864764001
8.20276427268982, 398.55286699888035
8.20276427268982, 522.0276427268982
8.203762292861938, 0
8.265859842300415, 366.62966276679646
8.265859842300415, 644.9706875484248
8.265859842300415, 390.98973618390323
8.265859842300415, 522.6585984230042
8.265859842300415, 0
8.325240135192871, 359.0959961326735
8.325240135192871, 647.3458992641231
8.326242208480835, 411.245732237996
8.326242208480835, 523.2624220848083
8.326242208480835, 0
8.384880542755127, 352.6767025105106
8.384880542755127, 649.7315155666133
8.384880542755127, 446.19218929329384
8.384880542755127, 523.8488054275513
8.384880542755127, 0
8.44235110282898, 347.66411213402637
8.44235110282898, 652.0303379695674
8.44235110282898, 477.4436189305908
8.44235110282898, 524.4235110282898
8.44235110282898, 0
8.502009153366089, 343.7504582133035
8.502009153366089, 654.4166599910518
8.502009153366089, 489.9840646045563
8.502009153366089, 525.0200915336609
8.502009153366089, 0
8.559510231018066, 341.27311893069447
8.559510231018066, 656.7167030971309
8.560518741607666, 476.2245407075177
8.560518741607666, 525.6051874160767
8.560518741607666, 0
8.617089986801147, 340.0993506757685
8.617089986801147, 659.0198933284541
8.618090152740479, 444.33613139367134
8.618090152740479, 526.1809015274048
8.618090152740479, 0
8.675734996795654, 340.26422366606386
8.675734996795654, 661.3656937282344
8.675734996795654, 410.2383824180311
8.675734996795654, 526.7573499679565
8.676734924316406, 0
8.743924617767334, 342.17797171859263
8.743924617767334, 664.0932785671016
8.744933843612671, 390.10129085394396
8.744933843612671, 527.4493384361267
8.744933843612671, 0
8.809210300445557, 345.71323385688015
8.809210300445557, 666.7047058742305
8.809210300445557, 403.2137083477386
8.809210300445557, 528.0921030044556
8.810208082199097, 0
8.867290496826172, 350.21002486723455
8.867290496826172, 669.0279137294551
8.868288040161133, 435.787749781307
8.868288040161133, 528.6828804016113
8.868288040161133, 0
8.92479944229126, 355.85522290003104
8.92479944229126, 671.3282715480586
8.92479944229126, 469.2872218163297
8.92479944229126, 529.2479944229126
8.925800800323486, 0
8.98067855834961, 362.40632062845185
8.98067855834961, 673.5634361903926
8.981679201126099, 488.68074294746117
8.981679201126099, 529.816792011261
8.981679201126099, 0
9.037221431732178, 370.02031580590744
9.037221431732178, 675.8251511256954
9.038219928741455, 484.34314574778193
9.038219928741455, 530.3821992874146
9.038219928741455, 0
9.093117952346802, 378.42637443695145
9.093117952346802, 678.0610119502803
9.093117952346802, 459.5004619742898
9.093117952346802, 530.931179523468
9.093117952346802, 0
9.150712251663208, 387.8906694444315
9.150712251663208, 680.3647839229366
9.151708126068115, 423.53206916506457
9.151708126068115, 531.5170812606812
9.151708126068115, 0
9.210069417953491, 398.3659117560579
9.210069417953491, 682.7390705745479
9.211068153381348, 395.8652983604744
9.211068153381348, 532.1106815338135
9.211068153381348, 0
9.269856452941895, 409.5090868776606
9.269856452941895, 685.130551974084
9.269856452941895, 391.5484905924874
9.269856452941895, 532.698564529419
9.269856452941895, 0
9.3293137550354, 421.022948255426
9.3293137550354, 687.5088440578243
9.3293137550354, 412.8456032717212
9.3293137550354, 533.293137550354
9.3293137550354, 0
9.387949705123901, 432.6410071864778
9.387949705123901, 689.8542820613643
9.387949705123901, 448.10067617518916
9.387949705123901, 533.879497051239
9.387949705123901, 0
9.459550380706787, 446.9488794670001
9.459550380706787, 692.7183090846797
9.46054720878601, 483.97993402353666
9.46054720878601, 534.6054720878601
9.46054720878601, 0
9.527447938919067, 460.38999860843694
9.527447938919067, 695.4342114131709
9.527447938919067, 487.05510881586474
9.527447938919067, 535.2744793891907
9.527447938919067, 0
9.586942672729492, 471.86732422033595
9.586942672729492, 697.8140007655879
9.586942672729492, 463.01097755076233
9.586942672729492, 535.8694267272949
9.586942672729492, 0
9.660222291946411, 485.3678409621737
9.660222291946411, 700.7451855342647
9.661222696304321, 418.0184488400747
9.661222696304321, 536.6122269630432
9.661222696304321, 0
9.716850757598877, 495.1486851968563
9.716850757598877, 703.0103241603633
9.71785283088684, 394.02467625904274
9.71785283088684, 537.1785283088684
9.71785283088684, 0
9.77485179901123, 504.4330629417425
9.77485179901123, 705.3303658168575
9.77485179901123, 392.41848179901183
9.77485179901123, 537.7485179901123
9.77485179901123, 0
9.830912351608276, 512.5849630353322
9.830912351608276, 707.5727879207393
9.830912351608276, 413.69441922943076
9.830912351608276, 538.3091235160828
9.830912351608276, 0
9.886811971664429, 519.8059519719609
9.886811971664429, 709.8087727229854
9.887809753417969, 448.01389118212285
9.887809753417969, 538.8780975341797
9.887809753417969, 0
9.941832304000854, 525.9406976304061
9.941832304000854, 712.0095860164424
9.941832304000854, 477.2267991660917
9.941832304000854, 539.4183230400085
9.941832304000854, 0
9.997910976409912, 531.1232301370108
9.997910976409912, 714.2527329128047
9.998910188674927, 489.9953112661386
9.998910188674927, 539.9891018867493
9.998910188674927, 0
10.05625867843628, 535.299182230454
10.05625867843628, 716.5866409938594
10.05625867843628, 478.01675672909397
10.05625867843628, 540.5625867843628
10.05625867843628, 0
10.113163709640503, 538.1236158547381
10.113163709640503, 718.8628422420284
10.113163709640503, 447.409569134269
10.113163709640503, 541.131637096405
10.113163709640503, 0
10.176125526428223, 539.7682009654452
10.176125526428223, 721.3813149135372
10.176125526428223, 410.0415680126586
10.176125526428223, 541.7612552642822
10.176125526428223, 0
10.234908103942871, 539.8776907759838
10.234908103942871, 723.7326180141231
10.234908103942871, 390.89648960598015
10.234908103942871, 542.3490810394287
10.234908103942871, 0
10.293208837509155, 538.6242796704538
10.293208837509155, 726.0646473567745
10.293208837509155, 397.19131770286987
10.293208837509155, 542.9320883750916
10.293208837509155, 0
10.35273003578186, 535.9631331774464
10.35273003578186, 728.4454952876827
10.35273003578186, 426.18929955032957
10.35273003578186, 543.5273003578186
10.35273003578186, 0
10.418822765350342, 531.4189286583969
10.418822765350342, 731.0892044704219
10.418822765350342, 466.1638998617145
10.418822765350342, 544.1882276535034
10.418822765350342, 0
10.475470781326294, 526.2509002672616
10.475470781326294, 733.35512510946
10.476473808288574, 487.8308104811788
10.476473808288574, 544.7647380828857
10.476473808288574, 0
10.532663106918335, 519.9115418571072
10.532663106918335, 735.6428181331416
10.532663106918335, 485.846933976226
10.532663106918335, 545.3266310691833
10.533660888671875, 0
10.601459503173828, 510.91060500734886
10.601459503173828, 738.3946739833614
10.601459503173828, 454.5761499045957
10.601459503173828, 546.0145950317383
10.601459503173828, 0
10.659349918365479, 502.2903497514137
10.659349918365479, 740.7102905910274
10.659349918365479, 419.08132582318524
10.659349918365479, 546.5934991836548
10.659349918365479, 0
10.717351198196411, 492.8171856685884
10.717351198196411, 743.0303417842647
10.718348741531372, 393.9030916468973
10.718348741531372, 547.1834874153137
10.718348741531372, 0
10.773845911026001, 482.9064417129851
10.773845911026001, 745.2901302974483
10.773845911026001, 392.2281036228103
10.773845911026001, 547.73845911026
10.773845911026001, 0
10.832266330718994, 472.0839690087466
10.832266330718994, 747.626947085168
10.833268165588379, 414.9645480225693
10.833268165588379, 548.3326816558838
10.833268165588379, 0
10.911853313446045, 456.6660621432548
10.911853313446045, 750.81042639425
10.912850856781006, 462.8957259454177
10.912850856781006, 549.1285085678101
10.912850856781006, 0
10.96584415435791, 445.94252354132436
10.96584415435791, 752.9700600307247
10.96584415435791, 485.4646353460611
10.96584415435791, 549.6584415435791
10.966847658157349, 0
11.027354717254639, 433.64819294386433
11.027354717254639, 755.4304825465938
11.028356075286865, 486.8591167484092
11.028356075286865, 550.2835607528687
11.028356075286865, 0
11.081179141998291, 422.96255043814057
11.081179141998291, 757.5834595363399
11.081179141998291, 466.16287860404844
11.081179141998291, 550.8117914199829
11.081179141998291, 0
11.137181758880615, 412.05560468422885
11.137181758880615, 759.8235642116329
11.137181758880615, 432.37583376085337
11.137181758880615, 551.3718175888062
11.137181758880615, 0
11.192228317260742, 401.67540166020575
11.192228317260742, 762.0254265468379
11.192228317260742, 402.60755299589647
11.192228317260742, 551.9222831726074
11.192228317260742, 0
11.256188869476318, 390.2053545837425
11.256188869476318, 764.583848635461
11.256188869476318, 390.15113445101827
11.256188869476318, 552.5618886947632
11.25718879699707, 0
11.309778928756714, 381.21413304872846
11.309778928756714, 766.7274510066768
11.309778928756714, 403.45662364365245
11.309778928756714, 553.0977892875671
11.310780763626099, 0
11.36368441581726, 372.8508120044353
11.36368441581726, 768.8836704890987
11.364787340164185, 433.60079635947096
11.364787340164185, 553.6478734016418
11.364787340164185, 0
11.420956373214722, 364.82154740876433
11.420956373214722, 771.1745487849971
11.420956373214722, 467.29675531767145
11.420956373214722, 554.2095637321472
11.420956373214722, 0
11.475935459136963, 358.0394367223078
11.475935459136963, 773.3737122218868
11.476934909820557, 487.91441688291695
11.476934909820557, 554.7693490982056
11.476934909820557, 0
11.531884670257568, 352.15442166901965
11.531884670257568, 775.611680666711
11.531884670257568, 486.03990446567997
11.531884670257568, 555.3188467025757
11.532878160476685, 0
11.588919162750244, 347.28664038719756
11.588919162750244, 777.893060366418
11.588919162750244, 461.90145922766715
11.588919162750244, 555.8891916275024
11.588919162750244, 0
11.644967794418335, 343.67669957741685
11.644967794418335, 780.1350056331416
11.644967794418335, 427.5851062921236
11.644967794418335, 556.4496779441833
11.644967794418335, 0
11.698925256729126, 341.3433300365147
11.698925256729126, 782.2933041255733
11.699925422668457, 399.5767106699019
11.699925422668457, 556.9992542266846
11.699925422668457, 0
11.756722211837769, 340.1175917659119
11.756722211837769, 784.605182329919
11.757723569869995, 390.23531788925493
11.757723569869995, 557.5772356987
11.757723569869995, 0
11.811797857284546, 340.1899809498973
11.811797857284546, 786.8082081477901
11.811797857284546, 404.33408743465844
11.811797857284546, 558.1179785728455
11.812800168991089, 0
11.869643211364746, 341.5683838037769
11.869643211364746, 789.1220223109981
11.871154069900513, 437.5844714437405
11.871154069900513, 558.7115406990051
11.871154069900513, 0
11.932377815246582, 344.54979105383364
11.932377815246582, 791.6314064662715
11.932377815246582, 473.0079675770862
11.932377815246582, 559.3237781524658
11.932377815246582, 0
11.990452527999878, 348.6487545371299
11.990452527999878, 793.9543949764034
11.990452527999878, 489.64056902021093
11.990452527999878, 559.9045252799988
11.990452527999878, 0
12.049950361251831, 354.124212519495
12.049950361251831, 796.3343083064815
12.049950361251831, 480.4691742499347
12.049950361251831, 560.4995036125183
12.050951719284058, 0
12.111073017120361, 361.0131102094256
12.111073017120361, 798.7792145412227
12.111073017120361, 448.7059794190605
12.111073017120361, 561.1107301712036
12.111073017120361, 0
12.170059204101562, 368.7803113090782
12.170059204101562, 801.1386620204707
12.170059204101562, 413.1772594852503
12.170059204101562, 561.7005920410156
12.170059204101562, 0
12.229877948760986, 377.6676816341934
12.229877948760986, 803.5314118068477
12.229877948760986, 391.58997019262745
12.229877948760986, 562.2987794876099
12.230876922607422, 0
12.289038181304932, 387.3341559825063
12.289038181304932, 805.8978211086055
12.289038181304932, 395.89673595300445
12.289038181304932, 562.8903818130493
12.289038181304932, 0
12.34733510017395, 397.5806566587375
12.34733510017395, 808.2296978633663
12.348334074020386, 423.5571071646467
12.348334074020386, 563.4833407402039
12.348334074020386, 0
12.431674718856812, 413.3854786737988
12.431674718856812, 811.6032826106807
12.431674718856812, 472.6748599278205
12.431674718856812, 564.3167471885681
12.431674718856812, 0
12.4908766746521, 424.9585154010839
12.4908766746521, 813.9713608424922
12.491384744644165, 489.70726691106523
12.491384744644165, 564.9138474464417
12.491384744644165, 0
12.553066730499268, 437.33953717672534
12.553066730499268, 816.458963076379
12.553066730499268, 479.2885021636723
12.553066730499268, 565.5306673049927
12.553066730499268, 0
12.615305662155151, 449.77139280448165
12.615305662155151, 818.9485203426143
12.615305662155151, 446.0760771189453
12.615305662155151, 566.1530566215515
12.615305662155151, 0
12.675909757614136, 461.73300326651446
12.675909757614136, 821.3726841609737
12.675909757614136, 410.1502196802095
12.675909757614136, 566.7590975761414
12.675909757614136, 0
12.731918334960938, 472.5079167526578
12.731918334960938, 823.6130272548457
12.732920169830322, 391.1472524238275
12.732920169830322, 567.3292016983032
12.732920169830322, 0
12.791580200195312, 483.5342937805084
12.791580200195312, 825.9995018642207
12.791580200195312, 396.67159113447235
12.791580200195312, 567.9158020019531
12.791580200195312, 0
12.849094867706299, 493.5794565788007
12.849094867706299, 828.3000885646602
12.849094867706299, 424.0092847186352
12.849094867706299, 568.490948677063
12.849094867706299, 0
12.904791593551636, 502.6334285550499
12.904791593551636, 830.5279575984737
12.904791593551636, 458.28441448112386
12.904791593551636, 569.0479159355164
12.90579342842102, 0
12.961941480636597, 511.1156412361875
12.961941480636597, 832.8139530818721
12.961941480636597, 484.3899122349095
12.961941480636597, 569.619414806366
12.961941480636597, 0
13.014920711517334, 518.1521070588749
13.014920711517334, 834.9331223171016
13.01591968536377, 489.00280566472406
13.01591968536377, 570.1591968536377
13.01591968536377, 0
13.069756984710693, 524.5110985181029
13.069756984710693, 837.126573244836
13.069756984710693, 471.98870113707426
13.069756984710693, 570.6975698471069
13.069756984710693, 0
13.125133514404297, 529.9019722751702
13.125133514404297, 839.3416344325801
13.12613296508789, 439.2881610894287
13.12613296508789, 571.2613296508789
13.12613296508789, 0
13.183990240097046, 534.4227013911085
13.183990240097046, 841.6959034602901
13.184495687484741, 406.0043179668687
13.184495687484741, 571.8449568748474
13.184495687484741, 0
13.242017030715942, 537.6005681337433
13.242017030715942, 844.0169750850459
13.242017030715942, 390.2513763481656
13.242017030715942, 572.4201703071594
13.242017030715942, 0
13.3007230758667, 539.4793197387028
13.3007230758667, 846.3652168910762
13.3007230758667, 399.817860226038
13.3007230758667, 573.007230758667
13.3007230758667, 0
13.359860181808472, 539.9869061218533
13.359860181808472, 848.7307011287471
13.359860181808472, 430.5446544873533
13.359860181808472, 573.5986018180847
13.360860109329224, 0
13.41895055770874, 539.0986789183936
13.41895055770874, 851.0943161647579
13.419950723648071, 466.7651931703941
13.419950723648071, 574.1995072364807
13.419950723648071, 0
13.474674940109253, 536.9939970416328
13.474674940109253, 853.3232914607784
13.47567367553711, 487.68192185625355
13.47567367553711, 574.7567367553711
13.47567367553711, 0
13.529065132141113, 533.7787981551901
13.529065132141113, 855.4988991420528
13.529574394226074, 486.5866013246684
13.529574394226074, 575.2957439422607
13.529574394226074, 0
13.583954811096191, 529.4102968990047
13.583954811096191, 857.6944863002559
13.584953784942627, 464.1131256394555
13.584953784942627, 575.8495378494263
13.584953784942627, 0
13.648799896240234, 522.8673759015403
13.648799896240234, 860.2882897060176
13.648799896240234, 425.2680218193861
13.648799896240234, 576.4879989624023
13.648799896240234, 0
13.703925848007202, 516.2055832752503
13.703925848007202, 862.4933277766963
13.704925298690796, 397.8087720044584
13.704925298690796, 577.049252986908
13.704925298690796, 0
13.762668371200562, 508.0904635807568
13.762668371200562, 864.8430287044307
13.762668371200562, 390.63224281544575
13.762668371200562, 577.6266837120056
13.762668371200562, 0
13.816295146942139, 499.8593057765181
13.816295146942139, 866.9880997340938
13.816295146942139, 406.37036060295463
13.816295146942139, 578.1629514694214
13.816295146942139, 0
13.874979019165039, 490.0672809930816
13.874979019165039, 869.3354546230098
13.874979019165039, 439.9868173527566
13.874979019165039, 578.7497901916504
13.874979019165039, 0
13.933875322341919, 479.5473423426872
13.933875322341919, 871.691306750085
13.93488097190857, 474.17279924713205
13.93488097190857, 579.3488097190857
13.93488097190857, 0
13.992517471313477, 468.52803681323024
13.992517471313477, 874.0369927089473
13.992517471313477, 489.7791301091439
13.992517471313477, 579.9251747131348
13.992517471313477, 0
14.091030597686768, 449.2141803897272
14.091030597686768, 877.977517763879
14.091030597686768, 460.7012806460802
14.091030597686768, 580.9103059768677
14.092032194137573, 0
14.14696741104126, 438.04003153046966
14.14696741104126, 880.2149902980586
14.14696741104126, 426.3721030839166
14.14696741104126, 581.4696741104126
14.14696741104126, 0
14.20274019241333, 426.9229114620904
14.20274019241333, 882.4459015529415
14.20274019241333, 398.5613316605514
14.20274019241333, 582.0274019241333
14.20274019241333, 0
14.3270742893219, 402.92516219141794
14.3270742893219, 887.4192654292842
14.3270742893219, 411.6750052231366
14.3270742893219, 583.270742893219
14.3270742893219, 0
14.397976398468018, 390.1715588738207
14.397976398468018, 890.255349795129
14.398977279663086, 454.83844720107714
14.398977279663086, 583.9897727966309
14.398977279663086, 0
14.45528793334961, 380.58230569161066
14.45528793334961, 892.5478111903926
14.45528793334961, 482.3130582101629
14.45528793334961, 584.5528793334961
14.45528793334961, 0
14.513710260391235, 371.6106031647477
14.513710260391235, 894.8847042720577
14.513710260391235, 489.25975308632275
14.513710260391235, 585.1371026039124
14.513710260391235, 0
14.571594476699829, 363.6409844332992
14.571594476699829, 897.2000729244014
14.571594476699829, 471.0929232278653
14.571594476699829, 585.7159447669983
14.573100090026855, 0
14.631123304367065, 356.51211075753156
14.631123304367065, 899.5812260310909
14.631123304367065, 436.15640996965135
14.631123304367065, 586.3112330436707
14.631123304367065, 0
14.692883968353271, 350.3664566742028
14.692883968353271, 902.0516525905391
14.693955898284912, 401.8958101749012
14.693955898284912, 586.9395589828491
14.693955898284912, 0
14.753621339797974, 345.6542956889154
14.753621339797974, 904.4811474483272
14.753621339797974, 390.05176346527156
14.753621339797974, 587.5362133979797
14.753621339797974, 0
14.810408353805542, 342.505296045892
14.810408353805542, 906.7526280086299
14.810408353805542, 403.72768628550307
14.810408353805542, 588.1040835380554
14.810408353805542, 0
14.86888861656189, 340.575679877541
14.86888861656189, 909.0918385188838
14.86888861656189, 436.1638779898795
14.86888861656189, 588.6888861656189
14.869888067245483, 0
14.926270961761475, 340.00274666295843
14.926270961761475, 911.3871323268672
14.926270961761475, 470.03154260192525
14.926270961761475, 589.2627096176147
14.927269458770752, 0
14.987199544906616, 340.83435932838324
14.987199544906616, 913.8242756526729
14.987199544906616, 489.3545331700636
14.987199544906616, 589.8719954490662
14.987199544906616, 0
15.067205429077148, 344.155067242982
15.067205429077148, 917.0245110194942
15.067205429077148, 473.2042002432384
15.067205429077148, 590.6720542907715
15.067205429077148, 0
15.12171721458435, 347.8279962835892
15.12171721458435, 919.2049824397823
15.12171721458435, 442.0620499319061
15.12171721458435, 591.2171721458435
15.122719049453735, 0
15.183327198028564, 353.2939166288042
15.183327198028564, 921.6693817775508
15.183327198028564, 406.54633454956
15.183327198028564, 591.8332719802856
15.183327198028564, 0
15.24038815498352, 359.53117240415116
15.24038815498352, 923.9518200557491
15.24038815498352, 390.3642882711538
15.24038815498352, 592.4038815498352
15.241393804550171, 0
15.30148196220398, 367.3673291194396
15.30148196220398, 926.3955723445674
15.30148196220398, 400.1034457570767
15.30148196220398, 593.0148196220398
15.30148196220398, 0
15.358490943908691, 375.6589849037286
15.358490943908691, 928.6759316127559
15.358490943908691, 429.7013013951957
15.358490943908691, 593.5849094390869
15.358490943908691, 0
15.417893171310425, 385.1858802153935
15.417893171310425, 931.0520207088252
15.418891191482544, 466.20052753392224
15.418891191482544, 594.1889119148254
15.418891191482544, 0
15.47799301147461, 395.6105197340826
15.47799301147461, 933.4560143153926
15.47799301147461, 488.10018485640734
15.47799301147461, 594.7799301147461
15.47899341583252, 0
15.537993431091309, 406.6569781352315
15.537993431091309, 935.8560311000606
15.537993431091309, 484.4087191441567
15.537993431091309, 595.3799343109131
15.537993431091309, 0
15.598824739456177, 418.3452115691155
15.598824739456177, 938.2892834346553
15.598824739456177, 456.1514354294698
15.598824739456177, 595.9882473945618
15.598824739456177, 0
15.659939050674438, 430.40991766456244
15.659939050674438, 940.7338558833858
15.659939050674438, 418.74569254907664
15.659939050674438, 596.5993905067444
15.659939050674438, 0
15.717644929885864, 441.93621138878206
15.717644929885864, 943.0420910518428
15.717644929885864, 394.0761797048355
15.717644929885864, 597.1764492988586
15.717644929885864, 0
15.7759370803833, 453.5529253180092
15.7759370803833, 945.3737770717403
15.7759370803833, 392.63241150999306
15.7759370803833, 597.759370803833
15.7759370803833, 0
15.833303928375244, 464.806404201844
15.833303928375244, 947.668450991418
15.833303928375244, 414.984001298831
15.833303928375244, 598.3330392837524
15.834304809570312, 0
15.89106798171997, 475.80787881483826
15.89106798171997, 949.9790131252071
15.89106798171997, 450.0273490765215
15.89106798171997, 598.9106798171997
15.892065525054932, 0
15.948962688446045, 486.35512136861945
15.948962688446045, 952.29480139425
15.948962688446045, 480.06432782880756
15.948962688446045, 599.4896268844604
15.948962688446045, 0
16.005954265594482, 496.1321722040769
16.005954265594482, 954.5744644801875
16.005954265594482, 489.86010135302047
16.005954265594482, 600.0595426559448
16.005954265594482, 0
16.0656955242157, 505.5968096227099
16.0656955242157, 956.9641148250362
16.066696166992188, 473.44275338322734
16.066696166992188, 600.6669616699219
16.066696166992188, 0
16.124789714813232, 514.0391691721833
16.124789714813232, 959.3278824489375
16.1257905960083, 439.5032620493289
16.1257905960083, 601.257905960083
16.1257905960083, 0
16.190775394439697, 522.2404216396569
16.190775394439697, 961.9673096339961
16.190775394439697, 403.2197964443177
16.190775394439697, 601.907753944397
16.19177508354187, 0
16.247775077819824, 528.1780345727695
16.247775077819824, 964.2472969692012
16.247775077819824, 390.0195416439564
16.247775077819824, 602.4777507781982
16.247775077819824, 0
16.30964946746826, 533.3255798523387
16.30964946746826, 966.7222725551387
16.31065273284912, 403.83354090868494
16.31065273284912, 603.1065273284912
16.31065273284912, 0
16.386178255081177, 537.711138512343
16.386178255081177, 969.7834240596553
16.386178255081177, 447.00042979787105
16.386178255081177, 603.8617825508118
16.386178255081177, 0
16.44135880470276, 539.4596327282354
16.44135880470276, 971.9906460445186
16.44135880470276, 477.02753000177825
16.44135880470276, 604.4135880470276
16.44135880470276, 0
16.499778509140015, 539.9917643355643
16.499778509140015, 974.3274342220088
16.499778509140015, 489.9998063261102
16.499778509140015, 604.9977850914001
16.499778509140015, 0
16.557396173477173, 539.1810306590928
16.557396173477173, 976.6321407954952
16.558396816253662, 477.130539509309
16.558396816253662, 605.5839681625366
16.558396816253662, 0
16.614466190338135, 537.0810396031244
16.614466190338135, 978.9149414699336
16.614466190338135, 446.5992759432777
16.614466190338135, 606.1446619033813
16.614466190338135, 0
16.67246413230896, 533.6527506933528
16.67246413230896, 981.2348591487666
16.67246413230896, 411.91447332634766
16.67246413230896, 606.7246413230896
16.67246413230896, 0
16.73124623298645, 528.8940489129633
16.73124623298645, 983.5861431758663
16.73124623298645, 391.382056572784
16.73124623298645, 607.3124623298645
16.73124623298645, 0
16.78770351409912, 523.1672038560575
16.78770351409912, 985.8444344203731
16.78770351409912, 395.50787194496826
16.78770351409912, 607.8770351409912
16.78770351409912, 0
16.845317840576172, 516.2315631941794
16.845317840576172, 988.1490074794551
16.845317840576172, 421.7795998160592
16.845317840576172, 608.4531784057617
16.846314430236816, 0
16.901823043823242, 508.4467545846255
16.901823043823242, 990.4092156093379
16.901823043823242, 456.53608991263724
16.901823043823242, 609.0182304382324
16.901823043823242, 0
16.956801652908325, 500.03317682812593
16.956801652908325, 992.6083599727413
16.956801652908325, 482.8120875842759
16.956801652908325, 609.5680165290833
16.956801652908325, 0
17.01487684249878, 490.36041422283614
17.01487684249878, 994.9313675563594
17.01487684249878, 489.12880367849897
17.01487684249878, 610.1487684249878
17.01487684249878, 0
17.072941303253174, 480.01097378266286
17.072941303253174, 997.2539459865352
17.073941707611084, 469.9245994726963
17.073941707611084, 610.7394170761108
17.073941707611084, 0
17.131239414215088, 469.07784674331526
17.131239414215088, 999.5858704250118
17.131239414215088, 436.08367598955266
17.131239414215088, 611.3123941421509
17.131239414215088, 0
17.195176124572754, 456.63894534121874
17.195176124572754, 1002.1433388393184
17.195176124572754, 401.40389345131024
17.195176124572754, 611.9517612457275
17.196171760559082, 0
17.265095710754395, 442.7324366678318
17.265095710754395, 1004.940122286584
17.265095710754395, 390.89694150491135
17.265095710754395, 612.650957107544
17.265095710754395, 0
17.32612943649292, 430.540197728336
17.32612943649292, 1007.381471316125
17.32612943649292, 411.1877937066113
17.32612943649292, 613.2612943649292
17.32612943649292, 0
17.384132146835327, 419.0811423162142
17.384132146835327, 1009.7015797298213
17.384132146835327, 445.72531127597625
17.384132146835327, 613.8413214683533
17.384132146835327, 0
17.44067668914795, 408.17962127043154
17.44067668914795, 1011.9633614223262
17.44067668914795, 476.7381633059766
17.44067668914795, 614.4067668914795
17.44067668914795, 0
17.50746488571167, 395.8373633319561
17.50746488571167, 1014.634889284875
17.50846529006958, 489.71735986180653
17.50846529006958, 615.0846529006958
17.50846529006958, 0
17.566242456436157, 385.619397430763
17.566242456436157, 1016.9859921138545
17.567243099212646, 473.186500323698
17.567243099212646, 615.6724309921265
17.567243099212646, 0
17.627748727798462, 375.7329935669851
17.627748727798462, 1019.4462429683467
17.627748727798462, 438.27326680204686
17.627748727798462, 616.2774872779846
17.627748727798462, 0
17.687615156173706, 367.0417604656162
17.687615156173706, 1021.8409001033565
17.687615156173706, 404.59353543711626
17.687615156173706, 616.8761515617371
17.687615156173706, 0
17.74990177154541, 359.109672339434
17.74990177154541, 1024.3323647182247
17.74990177154541, 390.0000380920464
17.74990177154541, 617.4990177154541
17.750901222229004, 0
17.812005043029785, 352.44896986788723
17.812005043029785, 1026.8164955775997
17.812005043029785, 404.4254426480909
17.812005043029785, 618.1200504302979
17.813005685806274, 0
17.87009906768799, 347.4376829652238
17.87009906768799, 1029.1402565639278
17.87009906768799, 436.9225996761203
17.87009906768799, 618.7009906768799
17.87009906768799, 0
17.928026914596558, 343.6834831119653
17.928026914596558, 1031.4573704402706
17.928026914596558, 470.90627576362215
17.928026914596558, 619.2802691459656
17.929027318954468, 0
17.988820552825928, 341.13299295827176
17.988820552825928, 1033.8891159694454
17.988820552825928, 489.5074095318848
17.988820552825928, 619.8882055282593
17.98982000350952, 0
18.04815411567688, 340.05121894152865
18.04815411567688, 1036.2624584834834
18.04815411567688, 481.1216219235404
18.04815411567688, 620.4815411567688
18.04815411567688, 0
18.117621898651123, 340.5711383694843
18.117621898651123, 1039.0411698024532
18.117621898651123, 444.6291589081609
18.117621898651123, 621.1762189865112
18.11862277984619, 0
18.179863929748535, 342.66565584885126
18.179863929748535, 1041.5308510463497
18.179863929748535, 408.1947224572858
18.179863929748535, 621.7986392974854
18.180864334106445, 0
18.23682141304016, 345.9035292887031
18.23682141304016, 1043.8091503780147
18.23782229423523, 390.5843095666475
18.23782229423523, 622.3782229423523
18.23782229423523, 0
18.293792247772217, 350.3623206651836
18.293792247772217, 1046.087983767297
18.293792247772217, 397.3818675444795
18.293792247772217, 622.9379224777222
18.293792247772217, 0
18.351797342300415, 356.09595517224767
18.351797342300415, 1048.4081875484248
18.351797342300415, 425.62703120236705
18.351797342300415, 623.5179734230042
18.351797342300415, 0
18.409295797348022, 362.89297485679253
18.409295797348022, 1050.7081257503291
18.410297632217407, 461.4580250311045
18.410297632217407, 624.1029763221741
18.410297632217407, 0
18.467504024505615, 370.81097866169364
18.467504024505615, 1053.0364548366329
18.467504024505615, 485.8887354820499
18.467504024505615, 624.6750402450562
18.468503952026367, 0
18.524502992630005, 379.47293259614713
18.524502992630005, 1055.3164135616084
18.524502992630005, 487.64839723740823
18.524502992630005, 625.2450299263
18.524502992630005, 0
18.584858179092407, 389.4988331042867
18.584858179092407, 1057.7306210201045
18.58536386489868, 463.8870886848096
18.58536386489868, 625.8536386489868
18.58536386489868, 0
18.645976781845093, 400.39984791134316
18.645976781845093, 1060.175365130212
18.646974563598633, 426.3677792034895
18.646974563598633, 626.4697456359863
18.646974563598633, 0
18.70382046699524, 411.26385951186063
18.70382046699524, 1062.4891125362178
18.70382046699524, 398.1853399394558
18.70382046699524, 627.0382046699524
18.70382046699524, 0
18.760042190551758, 422.1927336492
18.760042190551758, 1064.7379814784786
18.760042190551758, 390.39759437794436
18.760042190551758, 627.6004219055176
18.760042190551758, 0
18.81602454185486, 433.2987497491629
18.81602454185486, 1066.9772755306026
18.817023277282715, 406.71031785085796
18.817023277282715, 628.1702327728271
18.817023277282715, 0
18.87487506866455, 445.0616655596122
18.87487506866455, 1069.3312966029903
18.87487506866455, 439.92150335911384
18.87487506866455, 628.7487506866455
18.875990390777588, 0
18.934653520584106, 456.93747301073745
18.934653520584106, 1071.7224346797725
18.934653520584106, 474.0683353104759
18.934653520584106, 629.3465352058411
18.934653520584106, 0
18.99291157722473, 468.2799318696239
18.99291157722473, 1074.0527569453975
18.99291157722473, 489.80176890333087
18.99291157722473, 629.9291157722473
18.99291157722473, 0
19.05718445777893, 480.34251682826897
19.05718445777893, 1076.6236721675655
19.058186292648315, 477.2189977042607
19.058186292648315, 630.5818629264832
19.058186292648315, 0
19.12991452217102, 493.1793713690632
19.12991452217102, 1079.532874743249
19.12991452217102, 436.91407714922116
19.12991452217102, 631.2991452217102
19.13091540336609, 0
19.188430547714233, 502.704131283781
19.188430547714233, 1081.8735157649776
19.188430547714233, 404.2336561315057
19.188430547714233, 631.8843054771423
19.188430547714233, 0
19.255510568618774, 512.5602308742343
19.255510568618774, 1084.5567166011592
19.256519317626953, 390.16769538267806
19.256519317626953, 632.5651931762695
19.256519317626953, 0
19.314711332321167, 520.180572185239
19.314711332321167, 1086.924747149255
19.314711332321167, 405.6406533202499
19.314711332321167, 633.1471133232117
19.315711736679077, 0
19.37171196937561, 526.457907282713
19.37171196937561, 1089.2047726314327
19.37271285057068, 438.56313947100114
19.37271285057068, 633.7271285057068
19.37271285057068, 0
19.42962098121643, 531.6855062812531
19.42962098121643, 1091.5211331050655
19.42962098121643, 471.68734517042526
19.42962098121643, 634.2962098121643
19.430620670318604, 0
19.50339126586914, 536.5581718041791
19.50339126586914, 1094.4719444911739
19.50339126586914, 489.95460398965014
19.50339126586914, 635.0339126586914
19.50339126586914, 0
19.56190586090088, 538.9346882667223
19.56190586090088, 1096.8125282924434
19.562902688980103, 475.17597715132126
19.562902688980103, 635.629026889801
19.562902688980103, 0
19.621235370635986, 539.9623617368916
19.621235370635986, 1099.1857086818477
19.621235370635986, 442.36450419197394
19.621235370635986, 636.2123537063599
19.621235370635986, 0
19.679089069366455, 539.6106735176566
19.679089069366455, 1101.4998566310665
19.679089069366455, 408.5718857911651
19.679089069366455, 636.7908906936646
19.679089069366455, 0
19.735729694366455, 537.9757219194862
19.735729694366455, 1103.7654816310665
19.735729694366455, 390.8017927863174
19.735729694366455, 637.3572969436646
19.735729694366455, 0
19.791783809661865, 535.1210849103713
19.791783809661865, 1106.0076462428829
19.791783809661865, 396.73557827101206
19.791783809661865, 637.9178380966187
19.791783809661865, 0
19.846110820770264, 531.2143155404337
19.846110820770264, 1108.1807266872188
19.847113609313965, 422.83488086598055
19.847113609313965, 638.4711360931396
19.847113609313965, 0
19.90075159072876, 526.1999641803686
19.90075159072876, 1110.3663574855586
19.90075159072876, 455.8992793014654
19.90075159072876, 639.0075159072876
19.90075159072876, 0
19.95903968811035, 519.7189227743768
19.95903968811035, 1112.6978813808223
19.960042715072632, 483.82825731809766
19.960042715072632, 639.6004271507263
19.960042715072632, 0
20.026366710662842, 510.8923762184122
20.026366710662842, 1115.390962282922
20.027368545532227, 487.07195240101197
20.027368545532227, 640.2736854553223
20.027368545532227, 0
20.083624124526978, 502.36913543687587
20.083624124526978, 1117.6812588374873
20.083624124526978, 464.8416023738861
20.083624124526978, 640.8362412452698
20.083624124526978, 0
20.138993978500366, 493.34858372404756
20.138993978500366, 1119.896052996423
20.138993978500366, 431.25257209648663
20.138993978500366, 641.3899397850037
20.138993978500366, 0
20.209269046783447, 480.9737613352321
20.209269046783447, 1122.7070557277461
20.209269046783447, 396.407766978484
20.209269046783447, 642.0926904678345
20.209269046783447, 0
20.270364999771118, 469.5495842738247
20.270364999771118, 1125.150893847253
20.270364999771118, 391.62838474333245
20.270364999771118, 642.7036499977112
20.270364999771118, 0
20.324385404586792, 459.0757430015858
20.324385404586792, 1127.31171003988
20.325392723083496, 410.8107236085374
20.325392723083496, 643.253927230835
20.325392723083496, 0
20.39868688583374, 444.331716699308
20.39868688583374, 1130.2837692897579
20.39868688583374, 454.66410890472446
20.39868688583374, 643.9868688583374
20.399688482284546, 0
20.45520567893982, 433.03495765542425
20.45520567893982, 1132.544521014001
20.45520567893982, 482.2855010969116
20.45520567893982, 644.5520567893982
20.45520567893982, 0
20.51020097732544, 422.1268088817744
20.51020097732544, 1134.7443329494258
20.511203289031982, 489.5053097196097
20.511203289031982, 645.1120328903198
20.511203289031982, 0
20.566788911819458, 411.1295611121989
20.566788911819458, 1137.0078503291866
20.566788911819458, 473.3994107316168
20.566788911819458, 645.6678891181946
20.566788911819458, 0
20.6238009929657, 400.42379630697957
20.6238009929657, 1139.2883335750362
20.6238009929657, 440.75332983392843
20.6238009929657, 646.238009929657
20.6238009929657, 0
20.68382430076599, 389.7105663079421
20.68382430076599, 1141.689265887048
20.68382430076599, 406.3148596540358
20.68382430076599, 646.8382430076599
20.68382430076599, 0
20.742241621017456, 379.9777913868021
20.742241621017456, 1144.0259586971065
20.742241621017456, 390.2374420783256
20.742241621017456, 647.4224162101746
20.742241621017456, 0
20.799793481826782, 371.1889013082475
20.799793481826782, 1146.3280331294795
20.799793481826782, 399.47301604334416
20.799793481826782, 647.9979348182678
20.800793409347534, 0
20.854928016662598, 363.6218449712587
20.854928016662598, 1148.5334145229122
20.854928016662598, 427.52170320556354
20.854928016662598, 648.549280166626
20.854928016662598, 0
20.913853645324707, 356.56223105991944
20.913853645324707, 1150.8904396693965
20.91485071182251, 464.00544333645666
20.91485071182251, 649.1485071182251
20.91485071182251, 0
20.975024938583374, 350.4592590314562
20.975024938583374, 1153.3372913997432
20.976025581359863, 487.7479991917217
20.976025581359863, 649.7602558135986
20.976025581359863, 0
21.045875072479248, 345.06861832156073
21.045875072479248, 1156.1712967555782
21.045875072479248, 481.91923921026864
21.045875072479248, 650.4587507247925
21.045875072479248, 0
21.103781938552856, 342.07231659202785
21.103781938552856, 1158.4875713985225
21.103781938552856, 453.17429509855015
21.103781938552856, 651.0378193855286
21.103781938552856, 0
21.16181492805481, 340.3858169983491
21.16181492805481, 1160.8088909786006
21.16181492805481, 417.68483930690894
21.16181492805481, 651.6181492805481
21.16281270980835, 0
21.218634128570557, 340.0331961951116
21.218634128570557, 1163.0816589992305
21.21963381767273, 393.5963653772932
21.21963381767273, 652.1963381767273
21.21963381767273, 0
21.275243043899536, 340.964291424364
21.275243043899536, 1165.3460156123897
21.275243043899536, 392.4945855702353
21.275243043899536, 652.7524304389954
21.275243043899536, 0
21.331018209457397, 343.12202256908597
21.331018209457397, 1167.5770222347041
21.332019090652466, 414.28831009242504
21.332019090652466, 653.3201909065247
21.332019090652466, 0
21.388033866882324, 346.5721735383418
21.388033866882324, 1169.8576485317012
21.388033866882324, 448.15285340010524
21.388033866882324, 653.8803386688232
21.388033866882324, 0
21.446810245513916, 351.39858874577953
21.446810245513916, 1172.208703676965
21.446810245513916, 479.24064481576335
21.446810245513916, 654.4681024551392
21.446810245513916, 0
21.504016876220703, 357.27116939577513
21.504016876220703, 1174.4969689052364
21.50502872467041, 489.9001999119392
21.50502872467041, 655.0502872467041
21.50502872467041, 0
21.58710241317749, 367.70294824348355
21.58710241317749, 1177.8203903835079
21.58710241317749, 462.9218241265913
21.58710241317749, 655.8710241317749
21.58810257911682, 0
21.67074751853943, 380.216137924243
21.67074751853943, 1181.1661945979854
21.67074751853943, 412.8132843740677
21.67074751853943, 656.7074751853943
21.671746730804443, 0
21.730446815490723, 390.19023510033344
21.730446815490723, 1183.5541664760372
21.730446815490723, 391.50178790119645
21.730446815490723, 657.3044681549072
21.730446815490723, 0
21.791447162628174, 401.11317616938425
21.791447162628174, 1185.9941803615352
21.791447162628174, 396.6299354016678
21.791447162628174, 657.9144716262817
21.791447162628174, 0
21.849698543548584, 412.0858395996674
21.849698543548584, 1188.3242355983516
21.849698543548584, 424.3691213197947
21.849698543548584, 658.4969854354858
21.85082697868347, 0
21.90604591369629, 423.0615291413
21.90604591369629, 1190.5781304042598
21.907068252563477, 459.6081396843888
21.907068252563477, 659.0706825256348
21.907068252563477, 0
21.966583013534546, 435.08886404281634
21.966583013534546, 1192.99961439779
21.966583013534546, 485.6558692394426
21.966583013534546, 659.6658301353455
21.966583013534546, 0
22.025850772857666, 446.93486890603305
22.025850772857666, 1195.370324770715
22.027068376541138, 487.13521071534626
22.027068376541138, 660.2706837654114
22.027068376541138, 0
22.086840629577637, 459.0217914438494
22.086840629577637, 1197.8099190395137
22.087841749191284, 462.5079927806686
22.087841749191284, 660.8784174919128
22.087841749191284, 0
22.147231101989746, 470.7119773198635
22.147231101989746, 1200.225537935998
22.14823818206787, 425.60565410647695
22.14823818206787, 661.4823818206787
22.14823818206787, 0
22.209316968917847, 482.26223170831713
22.209316968917847, 1202.7089726131221
22.209316968917847, 396.393027354217
22.209316968917847, 662.0931696891785
22.210313320159912, 0
22.27476954460144, 493.7307984924323
22.27476954460144, 1205.3270756404659
22.27476954460144, 392.40262817981073
22.27476954460144, 662.7476954460144
22.27476954460144, 0
22.33406639099121, 503.331991967395
22.33406639099121, 1207.6989494960567
22.3350670337677, 415.94923361083494
22.3350670337677, 663.350670337677
22.3350670337677, 0
22.402145862579346, 513.2505115753175
22.402145862579346, 1210.422128359582
22.402145862579346, 456.7273725719318
22.402145862579346, 664.0214586257935
22.402145862579346, 0
22.46040940284729, 520.6685308342838
22.46040940284729, 1212.7526699702998
22.46040940284729, 483.93867770112746
22.46040940284729, 664.6040940284729
22.461410760879517, 0
22.52340793609619, 527.4555645595228
22.52340793609619, 1215.272611300256
22.52340793609619, 487.85240568168564
22.52340793609619, 665.2340793609619
22.524407625198364, 0
22.622172832489014, 535.2714813909845
22.622172832489014, 1219.2232071559688
22.62317395210266, 441.1472390448744
22.62317395210266, 666.2317395210266
22.62317395210266, 0
22.699549436569214, 538.8166244544237
22.699549436569214, 1222.3182713191768
22.699549436569214, 399.71619821888925
22.699549436569214, 666.9954943656921
22.699549436569214, 0
22.760546445846558, 539.9488024960716
22.760546445846558, 1224.7581516902706
22.76154899597168, 390.52563683102807
22.76154899597168, 667.6154899597168
22.76154899597168, 0
22.849998235702515, 538.9229146068939
22.849998235702515, 1228.3362232845088
22.850999116897583, 425.147391096743
22.850999116897583, 668.5099911689758
22.850999116897583, 0
22.92104148864746, 535.8532340881482
22.92104148864746, 1231.1779534023067
22.92203426361084, 467.86165969481596
22.92203426361084, 669.2203426361084
22.92203426361084, 0
22.99518585205078, 530.5907621083331
22.99518585205078, 1234.1437279384395
22.99518585205078, 489.9085326397259
22.99518585205078, 669.9518585205078
22.99518585205078, 0
23.05694580078125, 524.6830888482331
23.05694580078125, 1236.6141258876582
23.05694580078125, 477.73491990457717
23.05694580078125, 670.5694580078125
23.05694580078125, 0
23.118090629577637, 517.5627439148927
23.118090629577637, 1239.0599190395137
23.118090629577637, 444.3358329167358
23.118090629577637, 671.1809062957764
23.119091510772705, 0
23.181641340255737, 508.93613829722074
23.181641340255737, 1241.6019474666377
23.18264937400818, 406.86406376046233
23.18264937400818, 671.8264937400818
23.18264937400818, 0
23.24095368385315, 499.87843704350126
23.24095368385315, 1243.9744412105342
23.241952896118164, 390.2554281954935
23.241952896118164, 672.4195289611816
23.241952896118164, 0
23.302509784698486, 489.58993887379427
23.302509784698486, 1246.4366852443477
23.302509784698486, 400.4960177756547
23.302509784698486, 673.0250978469849
23.302509784698486, 0
23.36086678504944, 479.14034582993946
23.36086678504944, 1248.7709652583858
23.36086678504944, 431.16644991685655
23.36086678504944, 673.6086678504944
23.36086678504944, 0
23.42078709602356, 467.85803369713153
23.42078709602356, 1251.1677776973506
23.42078709602356, 467.20758230050717
23.42078709602356, 674.2078709602356
23.42178773880005, 0
23.484036207199097, 455.518763782903
23.484036207199097, 1253.6977421443721
23.48503541946411, 489.11852778730395
23.48503541946411, 674.8503541946411
23.48503541946411, 0
23.552148818969727, 441.9590912513006
23.552148818969727, 1256.4222466151973
23.553147315979004, 479.2571643476725
23.553147315979004, 675.53147315979
23.553147315979004, 0
23.61098623275757, 430.20745253137045
23.61098623275757, 1258.775743166711
23.61098623275757, 448.7596695094932
23.61098623275757, 676.1098623275757
23.61098623275757, 0
23.674515962600708, 417.67551010630535
23.674515962600708, 1261.3169323604366
23.674515962600708, 410.8573256071483
23.674515962600708, 676.7451596260071
23.674515962600708, 0
23.744268655776978, 404.3379999118356
23.744268655776978, 1264.1070400874873
23.744268655776978, 390.12962386998845
23.744268655776978, 677.4426865577698
23.744268655776978, 0
23.80678915977478, 392.96489674855223
23.80678915977478, 1266.6078602473995
23.80678915977478, 402.2005823526629
23.80678915977478, 678.0678915977478
23.80678915977478, 0
23.866791486740112, 382.7384059763699
23.866791486740112, 1269.0079533260127
23.867310285568237, 435.17592574388715
23.867310285568237, 678.6731028556824
23.867310285568237, 0
23.92943787574768, 372.9423268894834
23.92943787574768, 1271.5138088863155
23.92943787574768, 471.598266648421
23.92943787574768, 679.2943787574768
23.92943787574768, 0
23.99131155014038, 364.29844897448027
23.99131155014038, 1273.9887558620235
23.992311239242554, 489.7667967778445
23.992311239242554, 679.9231123924255
23.992311239242554, 0
24.05031108856201, 357.13272017939187
24.05031108856201, 1276.3487373988887
24.05031108856201, 480.3356508241484
24.05031108856201, 680.5031108856201
24.051310539245605, 0
24.13717246055603, 348.7050244590132
24.13717246055603, 1279.8231922786495
24.13717246055603, 432.3816078028136
24.13717246055603, 681.3717246055603
24.13717246055603, 0
24.199687719345093, 344.3288234388789
24.199687719345093, 1282.323802630212
24.199687719345093, 399.664791805295
24.199687719345093, 681.9968771934509
24.200687170028687, 0
24.26482605934143, 341.3587231767739
24.26482605934143, 1284.9293362300655
24.26482605934143, 390.8652758775792
24.26482605934143, 682.6482605934143
24.26583433151245, 0
24.326868772506714, 340.0838276188466
24.326868772506714, 1287.4110447566768
24.326868772506714, 411.5686886818542
24.326868772506714, 683.2686877250671
24.3278706073761, 0
24.389885187149048, 340.36174811245974
24.389885187149048, 1289.9317013423702
24.389885187149048, 449.29819474141283
24.389885187149048, 683.8988518714905
24.389885187149048, 0
24.45300030708313, 342.22439472543186
24.45300030708313, 1292.4563061397334
24.45300030708313, 481.52990240641617
24.45300030708313, 684.5300030708313
24.45300030708313, 0
24.511878728866577, 345.3657134482379
24.511878728866577, 1294.8114430110713
24.511878728866577, 489.4439765559236
24.511878728866577, 685.1187872886658
24.51287841796875, 0
24.57481098175049, 350.17107746305436
24.57481098175049, 1297.3287331264278
24.57481098175049, 469.485261444711
24.57481098175049, 685.7481098175049
24.57481098175049, 0
24.638239860534668, 356.4521625480749
24.638239860534668, 1299.865888277795
24.638239860534668, 431.7194766323161
24.638239860534668, 686.3823986053467
24.638239860534668, 0
24.69996404647827, 363.85452702964017
24.69996404647827, 1302.334855715539
24.70098304748535, 399.18919045161505
24.70098304748535, 687.0098304748535
24.70098304748535, 0
24.762791395187378, 372.57861844858223
24.762791395187378, 1304.8479496639034
24.762791395187378, 390.64455542375043
24.762791395187378, 687.6279139518738
24.762791395187378, 0
24.835675716400146, 384.02110976787446
24.835675716400146, 1307.763322512414
24.835675716400146, 416.2852294710857
24.835675716400146, 688.3567571640015
24.835675716400146, 0
24.899937391281128, 395.1034128474407
24.899937391281128, 1310.3337895076534
24.9009370803833, 456.00973330950046
24.9009370803833, 689.009370803833
24.9009370803833, 0
24.964943408966064, 407.0668360391843
24.964943408966064, 1312.9340302150508
24.964943408966064, 485.22620166729854
24.964943408966064, 689.6494340896606
24.964943408966064, 0
25.03994107246399, 421.5463430725754
25.03994107246399, 1315.9339367549678
25.03994107246399, 483.83315904394794
25.03994107246399, 690.3994107246399
25.03994107246399, 0
25.178873777389526, 449.2134246589295
25.178873777389526, 1321.4912449519893
25.178873777389526, 408.677209682075
25.178873777389526, 691.7887377738953
25.1798734664917, 0
25.2897469997406, 470.8876497782911
25.2897469997406, 1325.9261738460323
25.2897469997406, 396.1083057145394
25.2897469997406, 692.897469997406
25.290746450424194, 0
25.371116161346436, 485.8893888629457
25.371116161346436, 1329.1809403102657
25.371116161346436, 437.5606808832618
25.371116161346436, 693.7111616134644
25.371116161346436, 0
25.43812847137451, 497.35020935773025
25.43812847137451, 1331.8614327113887
25.439127445220947, 476.0709501496942
25.439127445220947, 694.3912744522095
25.439127445220947, 0
25.528337001800537, 511.119143213191
25.528337001800537, 1335.4697739284297
25.529335737228394, 486.64084651330137
25.529335737228394, 695.2933573722839
25.529335737228394, 0
25.5913348197937, 519.3894413157615
25.5913348197937, 1337.9896866481563
25.5913348197937, 460.52713406364956
25.5913348197937, 695.913348197937
25.59233593940735, 0
25.653857469558716, 526.353220465585
25.653857469558716, 1340.4905926387569
25.65484881401062, 421.6821277502768
25.65484881401062, 696.5484881401062
25.65484881401062, 0
25.718438863754272, 532.1294068279485
25.718438863754272, 1343.0738484065791
25.718438863754272, 393.8811880714499
25.718438863754272, 697.1843886375427
25.718438863754272, 0
25.782710075378418, 536.3541516583001
25.782710075378418, 1345.644696871545
25.78321599960327, 394.29279095260324
25.78321599960327, 697.8321599960327
25.78321599960327, 0
25.8478786945343, 539.0143104514381
25.8478786945343, 1348.2514416377803
25.8478786945343, 423.2871688382858
25.8478786945343, 698.478786945343
25.8478786945343, 0
25.913017749786377, 539.9947538018415
25.913017749786377, 1350.8570038478633
25.913017749786377, 462.98889741861217
25.913017749786377, 699.1301774978638
25.91402578353882, 0
25.975779056549072, 539.33626934976
25.975779056549072, 1353.3674561183711
25.975779056549072, 487.70180710774434
25.975779056549072, 699.7577905654907
25.975779056549072, 0
26.039717197418213, 537.0583042939521
26.039717197418213, 1355.9249817531368
26.040715217590332, 483.59707464164137
26.040715217590332, 700.4071521759033
26.040715217590332, 0
26.106931924819946, 532.9557675435665
26.106931924819946, 1358.613570849206
26.106931924819946, 451.25521727696713
26.106931924819946, 701.0693192481995
26.1079318523407, 0
26.17074418067932, 527.5073060233597
26.17074418067932, 1361.166061083581
26.171743392944336, 412.29028148656585
26.171743392944336, 701.7174339294434
26.171743392944336, 0
26.245055675506592, 519.3758540253507
26.245055675506592, 1364.138520876672
26.246054887771606, 390.061431272346
26.246054887771606, 702.4605488777161
26.246054887771606, 0
26.308058977127075, 511.10266372305676
26.308058977127075, 1366.6586529414913
26.308058977127075, 402.7276329863373
26.308058977127075, 703.0805897712708
26.308058977127075, 0
26.376052141189575, 500.9136108789439
26.376052141189575, 1369.3783795039913
26.376052141189575, 440.6610605458822
26.376052141189575, 703.7605214118958
26.377052545547485, 0
26.44109797477722, 490.1108436543396
26.44109797477722, 1371.9802128474971
26.44109797477722, 476.9172009698432
26.44109797477722, 704.4109797477722
26.442095518112183, 0
26.504616260528564, 478.7430331365297
26.504616260528564, 1374.5209442775508
26.504616260528564, 489.915895628845
26.504616260528564, 705.0461626052856
26.504616260528564, 0
26.5705349445343, 466.28792678335424
26.5705349445343, 1377.1576916377803
26.5705349445343, 471.6114998263752
26.5705349445343, 705.705349445343
26.5705349445343, 0
26.64455771446228, 451.76863142905324
26.64455771446228, 1380.1186024348995
26.64455771446228, 427.8348618885851
26.64455771446228, 706.4455771446228
26.645557165145874, 0
26.70917773246765, 438.8719885320368
26.70917773246765, 1382.7034031551143
26.70917773246765, 396.43589668607336
26.70917773246765, 707.0917773246765
26.70917773246765, 0
26.773285150527954, 426.0956774022548
26.773285150527954, 1385.2676998775264
26.77428388595581, 392.31005999756195
26.77428388595581, 707.7428388595581
26.77428388595581, 0
26.84162163734436, 412.73289784334105
26.84162163734436, 1388.0011593501827
26.84162163734436, 419.63732438321637
26.84162163734436, 708.4162163734436
26.84162163734436, 0
26.90798282623291, 400.240842467862
26.90798282623291, 1390.6556069057247
26.90798282623291, 460.135445318794
26.90798282623291, 709.0798282623291
26.90798282623291, 0
26.972065687179565, 388.83911008386553
26.972065687179565, 1393.2189213435909
26.972065687179565, 486.9509011559759
26.972065687179565, 709.7206568717957
26.972065687179565, 0
27.0376615524292, 378.0388225720153
27.0376615524292, 1395.8427559535762
27.0376615524292, 484.50415150140617
27.0376615524292, 710.376615524292
27.0376615524292, 0
27.104058027267456, 368.19190655554405
27.104058027267456, 1398.4986149471065
27.104058027267456, 453.0068744146689
27.104058027267456, 711.0405802726746
27.104058027267456, 0
27.16870141029358, 359.81841862524465
27.16870141029358, 1401.0843502681514
27.16970205307007, 413.3669105636865
27.16970205307007, 711.6970205307007
27.16970205307007, 0
27.233712673187256, 352.7473350878438
27.233712673187256, 1403.6848007838985
27.234712839126587, 390.9197660971416
27.234712839126587, 712.3471283912659
27.234712839126587, 0
27.307212829589844, 346.5322589077707
27.307212829589844, 1406.624807040002
27.307212829589844, 402.3753675186298
27.307212829589844, 713.0721282958984
27.308212280273438, 0
27.376777410507202, 342.50536534253376
27.376777410507202, 1409.4073902766963
27.376777410507202, 441.11668710433986
27.376777410507202, 713.767774105072
27.377779006958008, 0
27.443216562271118, 340.41775706402404
27.443216562271118, 1412.064956347253
27.443925619125366, 478.09186881817203
27.443925619125366, 714.4392561912537
27.443925619125366, 0
27.525186777114868, 340.2627127335629
27.525186777114868, 1415.343764941003
27.52618646621704, 487.3171834697441
27.52618646621704, 715.2618646621704
27.52618646621704, 0
27.590721368789673, 342.0649178350635
27.590721368789673, 1417.9651486079952
27.590721368789673, 460.87798320254274
27.590721368789673, 715.9072136878967
27.590721368789673, 0
27.654460906982422, 345.4298545355008
27.654460906982422, 1420.5147301357051
27.654460906982422, 421.90912818869606
27.654460906982422, 716.5446090698242
27.654460906982422, 0
27.722849130630493, 350.7449616021769
27.722849130630493, 1423.250259081628
27.722849130630493, 392.88210722543096
27.722849130630493, 717.2284913063049
27.722849130630493, 0
27.788716316223145, 357.4416696405192
27.788716316223145, 1425.884946505334
27.78971552848816, 396.0988381030551
27.78971552848816, 717.8971552848816
27.78971552848816, 0
27.85267925262451, 365.31521538151816
27.85267925262451, 1428.4434639613887
27.85267925262451, 426.15863570959516
27.85267925262451, 718.5267925262451
27.853676795959473, 0
27.919833421707153, 374.89242174406183
27.919833421707153, 1431.1296307246944
27.919833421707153, 466.7029101851427
27.919833421707153, 719.1983342170715
27.919833421707153, 0
27.986698627471924, 385.59382195819785
27.986698627471924, 1433.8042389552852
27.986698627471924, 489.30314685484313
27.986698627471924, 719.8669862747192
27.986698627471924, 0
28.054635524749756, 397.46064354132886
28.054635524749756, 1436.5217148463985
28.055636882781982, 478.26935609572917
28.055636882781982, 720.5563688278198
28.055636882781982, 0
28.120950937271118, 409.8022905012623
28.120950937271118, 1439.174331347253
28.120950937271118, 442.5430035154228
28.120950937271118, 721.2095093727112
28.120950937271118, 0
28.200294494628906, 425.24617935133017
28.200294494628906, 1442.3480736415645
28.20129370689392, 399.0767295908771
28.20129370689392, 722.0129370689392
28.20129370689392, 0
28.293808221817017, 443.8938832242932
28.293808221817017, 1446.088622729089
28.293808221817017, 397.3871171531911
28.293808221817017, 722.9380822181702
28.294812202453613, 0
28.37878394126892, 460.73840552965396
28.37878394126892, 1449.487651507165
28.379784107208252, 443.0041328200901
28.379784107208252, 723.7978410720825
28.379784107208252, 0
28.44581913948059, 473.6286082943417
28.44581913948059, 1452.1690594356319
28.44581913948059, 478.85168501146063
28.44581913948059, 724.4581913948059
28.44581913948059, 0
28.509843349456787, 485.37944996297085
28.509843349456787, 1454.7300278346797
28.509843349456787, 489.6179750479441
28.509843349456787, 725.0984334945679
28.509843349456787, 0
28.573518753051758, 496.3296213241873
28.573518753051758, 1457.2770439784786
28.57451891899109, 469.6332673526152
28.57451891899109, 725.7451891899109
28.57451891899109, 0
28.653947591781616, 508.8361244995579
28.653947591781616, 1460.494197527673
28.653947591781616, 422.21017649568967
28.653947591781616, 726.5394759178162
28.653947591781616, 0
28.718993186950684, 517.6642691654652
28.718993186950684, 1463.0960213344356
28.7199969291687, 393.51188602187847
28.7199969291687, 727.199969291687
28.7199969291687, 0
28.7863347530365, 525.4195568791663
28.7863347530365, 1465.7896839778682
28.787333965301514, 395.40240929048974
28.787333965301514, 727.8733396530151
28.787333965301514, 0
28.89047360420227, 534.3248228862077
28.89047360420227, 1469.955238024499
28.89047360420227, 449.66120151479475
28.89047360420227, 728.9047360420227
28.891473293304443, 0
28.954991579055786, 537.8138987556118
28.954991579055786, 1472.5359570186397
28.955992698669434, 482.54731463983444
28.955992698669434, 729.5599269866943
28.955992698669434, 0
29.019405603408813, 539.6749318786347
29.019405603408813, 1475.1125179927608
29.019405603408813, 488.52068452783
29.019405603408813, 730.1940560340881
29.019405603408813, 0
29.088756561279297, 539.8315628055401
29.088756561279297, 1477.8865563075801
29.089757442474365, 461.4267641783879
29.089757442474365, 730.8975744247437
29.089757442474365, 0
29.1567485332489, 538.1234587880018
29.1567485332489, 1480.6062351863643
29.1567485332489, 420.57681187428136
29.1567485332489, 731.567485332489
29.1567485332489, 0
29.2219717502594, 534.781682723936
29.2219717502594, 1483.2151638667842
29.222970247268677, 392.8566982933179
29.222970247268677, 732.2297024726868
29.222970247268677, 0
29.285077571868896, 530.0146303426512
29.285077571868896, 1485.739396731164
29.28607702255249, 395.05091256795396
29.28607702255249, 732.8607702255249
29.28607702255249, 0
29.351925134658813, 523.4050880984671
29.351925134658813, 1488.4132992427608
29.352928400039673, 426.3091294555604
29.352928400039673, 733.5292840003967
29.352928400039673, 0
29.41797184944153, 515.4122358597699
29.41797184944153, 1491.0551678340694
29.41897940635681, 466.24771928845007
29.41897940635681, 734.1897940635681
29.41897940635681, 0
29.481958866119385, 506.41398442797305
29.481958866119385, 1493.6146485011836
29.481958866119385, 488.7205408119497
29.481958866119385, 734.8195886611938
29.481958866119385, 0
29.549739837646484, 495.70096043257274
29.549739837646484, 1496.3258873622676
29.549739837646484, 480.5467155873695
29.549739837646484, 735.4973983764648
29.549739837646484, 0
29.612841844558716, 484.8044432618939
29.612841844558716, 1498.8499676387569
29.613844633102417, 446.98619008801853
29.613844633102417, 736.1384463310242
29.613844633102417, 0
29.67836046218872, 472.73895026336197
29.67836046218872, 1501.470712343957
29.67836046218872, 408.92925429524297
29.67836046218872, 736.7836046218872
29.67836046218872, 0
29.744863033294678, 459.91930025673076
29.744863033294678, 1504.1308151881954
29.744863033294678, 390.10414116246784
29.744863033294678, 737.4486303329468
29.744863033294678, 0
29.810641527175903, 446.89226792326895
29.810641527175903, 1506.7619549434444
29.810641527175903, 403.82867961805164
29.810641527175903, 738.106415271759
29.810641527175903, 0
29.87371277809143, 434.2865991481055
29.87371277809143, 1509.2848049800655
29.874712228775024, 439.81918840082574
29.874712228775024, 738.7471222877502
29.874712228775024, 0
29.934795141220093, 422.162977557088
29.934795141220093, 1511.728099505212
29.93579339981079, 474.58904467102
29.93579339981079, 739.3579339981079
29.93579339981079, 0
29.99695920944214, 410.0987156778241
29.99695920944214, 1514.2146622340938
29.99695920944214, 489.96350108888856
29.99695920944214, 739.9695920944214
29.99695920944214, 0
30.061718225479126, 398.02443999571517
30.061718225479126, 1516.8050228755733
30.06272006034851, 475.25743376230395
30.06272006034851, 740.6272006034851
30.06272006034851, 0
30.125786304473877, 386.77024993956104
30.125786304473877, 1519.3677460353633
30.125786304473877, 439.50595836758276
30.125786304473877, 741.2578630447388
30.125786304473877, 0
30.187410831451416, 376.7666829833296
30.187410831451416, 1521.832727114465
30.187410831451416, 404.6842996703559
30.187410831451416, 741.8741083145142
30.187410831451416, 0
30.25987434387207, 366.24140799797397
30.25987434387207, 1524.731267611291
30.25987434387207, 390.3844314624595
30.25987434387207, 742.5987434387207
30.25987434387207, 0
30.323761701583862, 358.23812309488414
30.323761701583862, 1527.2867619197627
30.323761701583862, 409.9848685973419
30.323761701583862, 743.2376170158386
30.323761701583862, 0
30.42498755455017, 348.33108637451807
30.42498755455017, 1531.335796038415
30.42498755455017, 469.38293597957914
30.42498755455017, 744.2498755455017
30.42498755455017, 0
30.489020824432373, 343.97821676553133
30.489020824432373, 1533.8971268337032
30.489020824432373, 489.524872489209
30.489020824432373, 744.8902082443237
30.489020824432373, 0
30.56163716316223, 340.9476990611362
30.56163716316223, 1536.8017803828975
30.56163716316223, 475.7366016042443
30.56163716316223, 745.6163716316223
30.56163716316223, 0
30.624634265899658, 340.00694801806463
30.624634265899658, 1539.3216644923946
30.624634265899658, 440.22979670356864
30.624634265899658, 746.2463426589966
30.62563681602478, 0
30.694347858428955, 340.8134800417293
30.694347858428955, 1542.1102081935665
30.69535231590271, 401.33361150956756
30.69535231590271, 746.9535231590271
30.69535231590271, 0
30.758949279785156, 343.28029346098253
30.758949279785156, 1544.6942650478145
30.758949279785156, 390.31584800718446
30.758949279785156, 747.5894927978516
30.758949279785156, 0
30.839956045150757, 348.64449130509655
30.839956045150757, 1547.9345356624385
30.839956045150757, 418.6860494770896
30.839956045150757, 748.3995604515076
30.839956045150757, 0
30.92696762084961, 357.06642445339287
30.92696762084961, 1551.4149986903926
30.9279682636261, 470.8772991729365
30.9279682636261, 749.279682636261
30.9279682636261, 0
31.01618242263794, 368.3000559044221
31.01618242263794, 1554.9835907619258
31.01718282699585, 488.8389232224647
31.01718282699585, 750.1718282699585
31.01718282699585, 0
31.082308769226074, 378.1183231934907
31.082308769226074, 1557.6286446254512
31.082308769226074, 465.55541865683307
31.082308769226074, 750.8230876922607
31.08330988883972, 0
31.157999753952026, 390.67224800344053
31.157999753952026, 1560.6562840144893
31.157999753952026, 419.8548197074981
31.157999753952026, 751.5799975395203
31.157999753952026, 0
31.22236156463623, 402.24676892435286
31.22236156463623, 1563.2307564418575
31.22236156463623, 392.98549665628684
31.22236156463623, 752.2236156463623
31.22236156463623, 0
31.2851083278656, 414.13383769411666
31.2851083278656, 1565.7406269710323
31.2851083278656, 394.7876697005278
31.2851083278656, 752.851083278656
31.2851083278656, 0
31.363108158111572, 429.4559603779985
31.363108158111572, 1568.8606201808711
31.363108158111572, 432.5559140049779
31.363108158111572, 753.6310815811157
31.363108158111572, 0
31.426740646362305, 1571.4059197109004
31.42773962020874, 470.76417758545085
31.42773962020874, 754.2773962020874
31.42773962020874, 0
31.487889289855957, 1573.8518654506465
31.487889289855957, 489.4220895242217
31.487889289855957, 754.8788928985596
31.487889289855957, 0
31.549625158309937, 1576.3213001888057
31.549625158309937, 480.5888356195005
31.549625158309937, 755.4962515830994
31.549625158309937, 0
31.610049724578857, 1578.7382828395625
31.611048221588135, 448.7213205042507
31.611048221588135, 756.1104822158813
31.611048221588135, 0
31.671818733215332, 1581.2090431850215
31.671818733215332, 412.2508906210271
31.671818733215332, 756.7181873321533
31.671818733215332, 0
31.730748653411865, 1583.5662399928829
31.730748653411865, 391.4560048962322
31.730748653411865, 757.3074865341187
31.730748653411865, 0
31.802406787872314, 1586.4325653713008
31.802406787872314, 400.45638042190996
31.802406787872314, 758.0240678787231
31.802406787872314, 0
31.86379909515381, 1588.8882576625606
31.86379909515381, 432.98547939268127
31.86379909515381, 758.6379909515381
31.86379909515381, 0
31.926502227783203, 1591.3963829677364
31.926502227783203, 470.1475937913628
31.926502227783203, 759.265022277832
31.926502227783203, 0
31.988228797912598, 1593.8654457729122
31.989229440689087, 489.5427295148471
31.989229440689087, 759.8922944068909
31.989229440689087, 0
32.049887895584106, 1596.3318096797725
32.050888538360596, 480.12018324248527
32.050888538360596, 760.508885383606
32.050888538360596, 0
32.11059522628784, 1598.760102907922
32.11159372329712, 448.3836236721921
32.11159372329712, 761.1159372329712
32.11159372329712, 0
32.171727418899536, 1601.2053906123897
32.171727418899536, 412.29863653984705
32.171727418899536, 761.7172741889954
32.171727418899536, 0
32.23301148414612, 1603.656753222253
32.234010219573975, 391.0059654175136
32.234010219573975, 762.3401021957397
32.234010219573975, 0
32.29714250564575, 1606.2219940822383
32.29714250564575, 398.52013365552733
32.29714250564575, 762.9714250564575
32.29714250564575, 0
32.361024141311646, 1608.777259508874
32.361024141311646, 431.2637817522987
32.361024141311646, 763.6102414131165
32.361024141311646, 0
32.426573038101196, 1611.399215380456
32.42757320404053, 470.68168325043536
32.42757320404053, 764.2757320404053
32.42757320404053, 0
32.49320149421692, 1614.064353625085
32.49320149421692, 489.8176429685472
32.49320149421692, 764.9320149421692
32.49320149421692, 0
32.558791637420654, 1616.6879593532344
32.558791637420654, 476.9639426282464
32.558791637420654, 765.5879163742065
32.559791564941406, 0
32.623831272125244, 1619.289544741418
32.624839782714844, 440.1006674211955
32.624839782714844, 766.2483978271484
32.624839782714844, 0
32.687703132629395, 1621.844419161584
32.68868970870972, 404.12005807729145
32.68868970870972, 766.8868970870972
32.68868970870972, 0
32.75391221046448, 1624.4927822749873
32.75391221046448, 390.0604110917167
32.75391221046448, 767.5391221046448
32.7549192905426, 0
32.82145929336548, 1627.1946655910274
32.82145929336548, 408.84060404985064
32.82145929336548, 768.2145929336548
32.822457790374756, 0
32.88662672042847, 1629.801362673547
32.88662672042847, 447.2793208005115
32.88662672042847, 768.8662672042847
32.88662672042847, 0
32.94958519935608, 1632.3197018306514
32.94958519935608, 480.2971082111465
32.94958519935608, 769.4958519935608
32.94958519935608, 0
33.01480031013489, 1634.9283062618038
33.01480031013489, 489.1377183926286
33.01480031013489, 770.1480031013489
33.01480031013489, 0
33.08159279823303, 1637.6000057857295
33.08159279823303, 465.94103924457187
33.08159279823303, 770.8159279823303
33.08159279823303, 0
33.15837073326111, 1640.6711231868526
33.15837073326111, 419.6417026264977
33.15837073326111, 771.5837073326111
33.15837073326111, 0
33.22264838218689, 1643.2422291438838
33.223660469055176, 392.7139836285141
33.223660469055176, 772.2366046905518
33.223660469055176, 0
33.28564500808716, 1645.7620941798946
33.28564500808716, 394.9326874058511
33.28564500808716, 772.8564500808716
33.286646366119385, 0
33.34594702720642, 1648.174174944665
33.34594702720642, 422.1483120087177
33.34594702720642, 773.4594702720642
33.34594702720642, 0
33.406761169433594, 1650.606740633752
33.407758712768555, 460.0064740372694
33.407758712768555, 774.0775871276855
33.407758712768555, 0
33.46696472167969, 1653.0148827235957
33.46796202659607, 486.00224919176804
33.46796202659607, 774.6796202659607
33.46796202659607, 0
33.529892444610596, 1655.531991640832
33.530399322509766, 486.3958762852668
33.530399322509766, 775.3039932250977
33.530399322509766, 0
33.58956241607666, 1657.9187904994747
33.58956241607666, 461.5374165042535
33.58956241607666, 775.8956241607666
33.59056878089905, 0
33.651819467544556, 1660.4090725581905
33.651819467544556, 423.4660307013353
33.651819467544556, 776.5181946754456
33.651819467544556, 0
